,energy,ground_state_id,excited_state_id,overlap
0,0.0,gs_scan_with_h2o_0,es_scan_with_h2o_0,2.4158226989255738e-14
1,0.0005923235865575898,gs_scan_with_h2o_0_vib_excited_0,es_scan_with_h2o_0_vib_excited_0,2.4158226989255738e-14
2,0.000774576997806079,gs_scan_with_h2o_0_vib_excited_1,es_scan_with_h2o_0_vib_excited_1,2.4158226989255738e-14
3,1.0440906982305681e-11,gs_scan_with_h2o_0,es_scan_with_h2o_1,0.0004260692085415127
4,0.0005923235969984967,gs_scan_with_h2o_0_vib_excited_0,es_scan_with_h2o_1_vib_excited_0,0.0004260692085415127
5,0.000774577008246986,gs_scan_with_h2o_0_vib_excited_1,es_scan_with_h2o_1_vib_excited_1,0.0004260692085415127
6,5.059628132338671e-06,gs_scan_with_h2o_0,es_scan_with_h2o_2,1.551656074365125e-13
7,0.0005973832146899284,gs_scan_with_h2o_0_vib_excited_0,es_scan_with_h2o_2_vib_excited_0,1.551656074365125e-13
8,0.0007796366259384176,gs_scan_with_h2o_0_vib_excited_1,es_scan_with_h2o_2_vib_excited_1,1.551656074365125e-13
9,5.05963798481799e-06,gs_scan_with_h2o_0,es_scan_with_h2o_3,1.0574725887388365e-25
10,0.0005973832245424078,gs_scan_with_h2o_0_vib_excited_0,es_scan_with_h2o_3_vib_excited_0,1.0574725887388365e-25
11,0.0007796366357908969,gs_scan_with_h2o_0_vib_excited_1,es_scan_with_h2o_3_vib_excited_1,1.0574725887388365e-25
12,0.000364544006636289,gs_scan_with_h2o_0,es_scan_with_h2o_4,0.0027249670444597076
13,0.0009568675931938788,gs_scan_with_h2o_0_vib_excited_0,es_scan_with_h2o_4_vib_excited_0,0.0027249670444597076
14,0.001139121004442368,gs_scan_with_h2o_0_vib_excited_1,es_scan_with_h2o_4_vib_excited_1,0.0027249670444597076
15,0.00036454401364939017,gs_scan_with_h2o_0,es_scan_with_h2o_5,1.1882449999255635e-12
16,0.00095686760020698,gs_scan_with_h2o_0_vib_excited_0,es_scan_with_h2o_5_vib_excited_0,1.1882449999255635e-12
17,0.0011391210114554693,gs_scan_with_h2o_0_vib_excited_1,es_scan_with_h2o_5_vib_excited_1,1.1882449999255635e-12
18,0.0003715557585343768,gs_scan_with_h2o_0,es_scan_with_h2o_6,6.310649129489779e-10
19,0.0009638793450919666,gs_scan_with_h2o_0_vib_excited_0,es_scan_with_h2o_6_vib_excited_0,6.310649129489779e-10
20,0.0011461327563404558,gs_scan_with_h2o_0_vib_excited_1,es_scan_with_h2o_6_vib_excited_1,6.310649129489779e-10
21,0.00037155576485715805,gs_scan_with_h2o_0,es_scan_with_h2o_7,1.2222391986216944e-21
22,0.0009638793514147478,gs_scan_with_h2o_0_vib_excited_0,es_scan_with_h2o_7_vib_excited_0,1.2222391986216944e-21
23,0.001146132762663237,gs_scan_with_h2o_0_vib_excited_1,es_scan_with_h2o_7_vib_excited_1,1.2222391986216944e-21
24,0.0007349986125371277,gs_scan_with_h2o_0,es_scan_with_h2o_8,7.912069080668996e-18
25,0.0013273221990947174,gs_scan_with_h2o_0_vib_excited_0,es_scan_with_h2o_8_vib_excited_0,7.912069080668996e-18
26,0.0015095756103432067,gs_scan_with_h2o_0_vib_excited_1,es_scan_with_h2o_8_vib_excited_1,7.912069080668996e-18
27,0.0007349986165219237,gs_scan_with_h2o_0,es_scan_with_h2o_9,1.1392004667998036e-05
28,0.0013273222030795134,gs_scan_with_h2o_0_vib_excited_0,es_scan_with_h2o_9_vib_excited_0,1.1392004667998036e-05
29,0.0015095756143280027,gs_scan_with_h2o_0_vib_excited_1,es_scan_with_h2o_9_vib_excited_1,1.1392004667998036e-05
30,0.0007368234734539247,gs_scan_with_h2o_0,es_scan_with_h2o_10,0.008504314319634464
31,0.0013291470600115146,gs_scan_with_h2o_0_vib_excited_0,es_scan_with_h2o_10_vib_excited_0,0.008504314319634464
32,0.0015114004712600037,gs_scan_with_h2o_0_vib_excited_1,es_scan_with_h2o_10_vib_excited_1,0.008504314319634464
33,0.0007368234773767732,gs_scan_with_h2o_0,es_scan_with_h2o_11,1.7892009250622658e-12
34,0.001329147063934363,gs_scan_with_h2o_0_vib_excited_0,es_scan_with_h2o_11_vib_excited_0,1.7892009250622658e-12
35,0.0015114004751828523,gs_scan_with_h2o_0_vib_excited_1,es_scan_with_h2o_11_vib_excited_1,1.7892009250622658e-12
36,0.0010856276277031271,gs_scan_with_h2o_0,es_scan_with_h2o_12,4.203027610100376e-05
37,0.0016779512142607168,gs_scan_with_h2o_0_vib_excited_0,es_scan_with_h2o_12_vib_excited_0,4.203027610100376e-05
38,0.0018602046255092061,gs_scan_with_h2o_0_vib_excited_1,es_scan_with_h2o_12_vib_excited_1,4.203027610100376e-05
39,0.0010856276295882657,gs_scan_with_h2o_0,es_scan_with_h2o_13,6.943286142675096e-16
40,0.0016779512161458556,gs_scan_with_h2o_0_vib_excited_0,es_scan_with_h2o_13_vib_excited_0,6.943286142675096e-16
41,0.0018602046273943447,gs_scan_with_h2o_0_vib_excited_1,es_scan_with_h2o_13_vib_excited_1,6.943286142675096e-16
42,0.0011046131717009423,gs_scan_with_h2o_0,es_scan_with_h2o_14,0.017910546042694535
43,0.001696936758258532,gs_scan_with_h2o_0_vib_excited_0,es_scan_with_h2o_14_vib_excited_0,0.017910546042694535
44,0.0018791901695070213,gs_scan_with_h2o_0_vib_excited_1,es_scan_with_h2o_14_vib_excited_1,0.017910546042694535
45,0.00110461317425559,gs_scan_with_h2o_0,es_scan_with_h2o_15,1.9000392906398403e-12
46,0.0016969367608131798,gs_scan_with_h2o_0_vib_excited_0,es_scan_with_h2o_15_vib_excited_0,1.9000392906398403e-12
47,0.001879190172061669,gs_scan_with_h2o_0_vib_excited_1,es_scan_with_h2o_15_vib_excited_1,1.9000392906398403e-12
48,0.0014098484558579523,gs_scan_with_h2o_0,es_scan_with_h2o_16,1.9811974232173456e-12
49,0.002002172042415542,gs_scan_with_h2o_0_vib_excited_0,es_scan_with_h2o_16_vib_excited_0,1.9811974232173456e-12
50,0.002184425453664031,gs_scan_with_h2o_0_vib_excited_1,es_scan_with_h2o_16_vib_excited_1,1.9811974232173456e-12
51,0.0014098484587239649,gs_scan_with_h2o_0,es_scan_with_h2o_17,0.0011868889237582102
52,0.0020021720452815545,gs_scan_with_h2o_0_vib_excited_0,es_scan_with_h2o_17_vib_excited_0,0.0011868889237582102
53,0.002184425456530044,gs_scan_with_h2o_0_vib_excited_1,es_scan_with_h2o_17_vib_excited_1,0.0011868889237582102
54,0.0014531983573815356,gs_scan_with_h2o_0,es_scan_with_h2o_18,0.026487207919028276
55,0.0020455219439391254,gs_scan_with_h2o_0_vib_excited_0,es_scan_with_h2o_18_vib_excited_0,0.026487207919028276
56,0.0022277753551876145,gs_scan_with_h2o_0_vib_excited_1,es_scan_with_h2o_18_vib_excited_1,0.026487207919028276
57,0.0014531983757628156,gs_scan_with_h2o_0,es_scan_with_h2o_19,2.7591431484495826e-15
58,0.0020455219623204055,gs_scan_with_h2o_0_vib_excited_0,es_scan_with_h2o_19_vib_excited_0,2.7591431484495826e-15
59,0.0022277753735688945,gs_scan_with_h2o_0_vib_excited_1,es_scan_with_h2o_19_vib_excited_1,2.7591431484495826e-15
60,0.0016793033354559732,gs_scan_with_h2o_0,es_scan_with_h2o_20,0.0077274512255771435
61,0.002271626922013563,gs_scan_with_h2o_0_vib_excited_0,es_scan_with_h2o_20_vib_excited_0,0.0077274512255771435
62,0.002453880333262052,gs_scan_with_h2o_0_vib_excited_1,es_scan_with_h2o_20_vib_excited_1,0.0077274512255771435
63,0.0016793033430482667,gs_scan_with_h2o_0,es_scan_with_h2o_21,8.828053455873534e-14
64,0.0022716269296058564,gs_scan_with_h2o_0_vib_excited_0,es_scan_with_h2o_21_vib_excited_0,8.828053455873534e-14
65,0.002453880340854346,gs_scan_with_h2o_0_vib_excited_1,es_scan_with_h2o_21_vib_excited_1,8.828053455873534e-14
66,0.0017835703197777864,gs_scan_with_h2o_0,es_scan_with_h2o_22,0.026508687082062225
67,0.002375893906335376,gs_scan_with_h2o_0_vib_excited_0,es_scan_with_h2o_22_vib_excited_0,0.026508687082062225
68,0.0025581473175838657,gs_scan_with_h2o_0_vib_excited_1,es_scan_with_h2o_22_vib_excited_1,0.026508687082062225
69,0.001783570342219565,gs_scan_with_h2o_0,es_scan_with_h2o_23,7.344762386309723e-14
70,0.0023758939287771546,gs_scan_with_h2o_0_vib_excited_0,es_scan_with_h2o_23_vib_excited_0,7.344762386309723e-14
71,0.002558147340025644,gs_scan_with_h2o_0_vib_excited_1,es_scan_with_h2o_23_vib_excited_1,7.344762386309723e-14
72,0.0019618493993069667,gs_scan_with_h2o_0,es_scan_with_h2o_24,0.021179976065514996
73,0.0025541729858645566,gs_scan_with_h2o_0_vib_excited_0,es_scan_with_h2o_24_vib_excited_0,0.021179976065514996
74,0.0027364263971130457,gs_scan_with_h2o_0_vib_excited_1,es_scan_with_h2o_24_vib_excited_1,0.021179976065514996
75,0.0019618494037906727,gs_scan_with_h2o_0,es_scan_with_h2o_25,2.1486267477830324e-11
76,0.0025541729903482626,gs_scan_with_h2o_0_vib_excited_0,es_scan_with_h2o_25_vib_excited_0,2.1486267477830324e-11
77,0.0027364264015967516,gs_scan_with_h2o_0_vib_excited_1,es_scan_with_h2o_25_vib_excited_1,2.1486267477830324e-11
78,0.002129953933586738,gs_scan_with_h2o_0,es_scan_with_h2o_26,0.031307804541899346
79,0.0027222775201443277,gs_scan_with_h2o_0_vib_excited_0,es_scan_with_h2o_26_vib_excited_0,0.031307804541899346
80,0.002904530931392817,gs_scan_with_h2o_0_vib_excited_1,es_scan_with_h2o_26_vib_excited_1,0.031307804541899346
81,0.0021299539544208674,gs_scan_with_h2o_0,es_scan_with_h2o_27,3.826247508616033e-13
82,0.0027222775409784573,gs_scan_with_h2o_0_vib_excited_0,es_scan_with_h2o_27_vib_excited_0,3.826247508616033e-13
83,0.0029045309522269464,gs_scan_with_h2o_0_vib_excited_1,es_scan_with_h2o_27_vib_excited_1,3.826247508616033e-13
84,0.0023140533800302863,gs_scan_with_h2o_0,es_scan_with_h2o_28,0.034800946002256423
85,0.002906376966587876,gs_scan_with_h2o_0_vib_excited_0,es_scan_with_h2o_28_vib_excited_0,0.034800946002256423
86,0.0030886303778363653,gs_scan_with_h2o_0_vib_excited_1,es_scan_with_h2o_28_vib_excited_1,0.034800946002256423
87,0.0023140533831102956,gs_scan_with_h2o_0,es_scan_with_h2o_29,7.311945750828583e-13
88,0.0029063769696678855,gs_scan_with_h2o_0_vib_excited_0,es_scan_with_h2o_29_vib_excited_0,7.311945750828583e-13
89,0.0030886303809163746,gs_scan_with_h2o_0_vib_excited_1,es_scan_with_h2o_29_vib_excited_1,7.311945750828583e-13
90,0.0025052835711443064,gs_scan_with_h2o_0,es_scan_with_h2o_30,0.0405501995667425
91,0.0030976071577018963,gs_scan_with_h2o_0_vib_excited_0,es_scan_with_h2o_30_vib_excited_0,0.0405501995667425
92,0.0032798605689503854,gs_scan_with_h2o_0_vib_excited_1,es_scan_with_h2o_30_vib_excited_1,0.0405501995667425
93,0.002505283582110666,gs_scan_with_h2o_0,es_scan_with_h2o_31,1.1746862521162418e-12
94,0.003097607168668256,gs_scan_with_h2o_0_vib_excited_0,es_scan_with_h2o_31_vib_excited_0,1.1746862521162418e-12
95,0.003279860579916745,gs_scan_with_h2o_0_vib_excited_1,es_scan_with_h2o_31_vib_excited_1,1.1746862521162418e-12
96,0.0027028896648134855,gs_scan_with_h2o_0,es_scan_with_h2o_32,0.04530589764474667
97,0.0032952132513710754,gs_scan_with_h2o_0_vib_excited_0,es_scan_with_h2o_32_vib_excited_0,0.04530589764474667
98,0.0034774666626195645,gs_scan_with_h2o_0_vib_excited_1,es_scan_with_h2o_32_vib_excited_1,0.04530589764474667
99,0.002702889675644732,gs_scan_with_h2o_0,es_scan_with_h2o_33,2.0291539958793234e-13
100,0.003295213262202322,gs_scan_with_h2o_0_vib_excited_0,es_scan_with_h2o_33_vib_excited_0,2.0291539958793234e-13
101,0.003477466673450811,gs_scan_with_h2o_0_vib_excited_1,es_scan_with_h2o_33_vib_excited_1,2.0291539958793234e-13
102,0.002906396998615362,gs_scan_with_h2o_0,es_scan_with_h2o_34,0.04938111505572313
103,0.003498720585172952,gs_scan_with_h2o_0_vib_excited_0,es_scan_with_h2o_34_vib_excited_0,0.04938111505572313
104,0.003680973996421441,gs_scan_with_h2o_0_vib_excited_1,es_scan_with_h2o_34_vib_excited_1,0.04938111505572313
105,0.0029063970042627375,gs_scan_with_h2o_0,es_scan_with_h2o_35,3.929714541240704e-12
106,0.0034987205908203274,gs_scan_with_h2o_0_vib_excited_0,es_scan_with_h2o_35_vib_excited_0,3.929714541240704e-12
107,0.0036809740020688165,gs_scan_with_h2o_0_vib_excited_1,es_scan_with_h2o_35_vib_excited_1,3.929714541240704e-12
108,0.0031149495249460633,gs_scan_with_h2o_0,es_scan_with_h2o_36,0.0527444749622616
109,0.003707273111503653,gs_scan_with_h2o_0_vib_excited_0,es_scan_with_h2o_36_vib_excited_0,0.0527444749622616
110,0.0038895265227521423,gs_scan_with_h2o_0_vib_excited_1,es_scan_with_h2o_36_vib_excited_1,0.0527444749622616
111,0.0031149495416918954,gs_scan_with_h2o_0,es_scan_with_h2o_37,2.360848306477541e-14
112,0.0037072731282494853,gs_scan_with_h2o_0_vib_excited_0,es_scan_with_h2o_37_vib_excited_0,2.360848306477541e-14
113,0.0038895265394979744,gs_scan_with_h2o_0_vib_excited_1,es_scan_with_h2o_37_vib_excited_1,2.360848306477541e-14
114,0.0033279746710725175,gs_scan_with_h2o_0,es_scan_with_h2o_38,0.05499270912225244
115,0.003920298257630107,gs_scan_with_h2o_0_vib_excited_0,es_scan_with_h2o_38_vib_excited_0,0.05499270912225244
116,0.004102551668878596,gs_scan_with_h2o_0_vib_excited_1,es_scan_with_h2o_38_vib_excited_1,0.05499270912225244
117,0.0033279746718597107,gs_scan_with_h2o_0,es_scan_with_h2o_39,1.9167808135506945e-10
118,0.003920298258417301,gs_scan_with_h2o_0_vib_excited_0,es_scan_with_h2o_39_vib_excited_0,1.9167808135506945e-10
119,0.004102551669665789,gs_scan_with_h2o_0_vib_excited_1,es_scan_with_h2o_39_vib_excited_1,1.9167808135506945e-10
120,0.0035451966467539135,gs_scan_with_h2o_0,es_scan_with_h2o_40,0.05618782175725814
121,0.004137520233311503,gs_scan_with_h2o_0_vib_excited_0,es_scan_with_h2o_40_vib_excited_0,0.05618782175725814
122,0.004319773644559993,gs_scan_with_h2o_0_vib_excited_1,es_scan_with_h2o_40_vib_excited_1,0.05618782175725814
123,0.0035451966650678,gs_scan_with_h2o_0,es_scan_with_h2o_41,5.365206754688045e-13
124,0.004137520251625389,gs_scan_with_h2o_0_vib_excited_0,es_scan_with_h2o_41_vib_excited_0,5.365206754688045e-13
125,0.004319773662873879,gs_scan_with_h2o_0_vib_excited_1,es_scan_with_h2o_41_vib_excited_1,5.365206754688045e-13
126,0.003766104547920457,gs_scan_with_h2o_0,es_scan_with_h2o_42,0.05620664495843688
127,0.004358428134478047,gs_scan_with_h2o_0_vib_excited_0,es_scan_with_h2o_42_vib_excited_0,0.05620664495843688
128,0.0037661045517023858,gs_scan_with_h2o_0,es_scan_with_h2o_43,6.158951675298539e-11
129,0.004358428138259976,gs_scan_with_h2o_0_vib_excited_0,es_scan_with_h2o_43_vib_excited_0,6.158951675298539e-11
130,0.003990557651269278,gs_scan_with_h2o_0,es_scan_with_h2o_44,0.05511303971152873
131,0.003990557655292474,gs_scan_with_h2o_0,es_scan_with_h2o_45,4.691986214644734e-11
132,0.004218160978134896,gs_scan_with_h2o_0,es_scan_with_h2o_46,0.05303620633255851
133,0.0042181609832386965,gs_scan_with_h2o_0,es_scan_with_h2o_47,4.385765308285049e-12
134,-1.6561740314672418e-12,gs_scan_with_h2o_1,es_scan_with_h2o_0,0.000426069212902936
135,0.0005923235849014158,gs_scan_with_h2o_1_vib_excited_0,es_scan_with_h2o_0_vib_excited_0,0.000426069212902936
136,0.000774576996149905,gs_scan_with_h2o_1_vib_excited_1,es_scan_with_h2o_0_vib_excited_1,0.000426069212902936
137,8.784732950838439e-12,gs_scan_with_h2o_1,es_scan_with_h2o_1,2.415822194625798e-14
138,0.0005923235953423227,gs_scan_with_h2o_1_vib_excited_0,es_scan_with_h2o_1_vib_excited_0,2.415822194625798e-14
139,0.0007745770065908119,gs_scan_with_h2o_1_vib_excited_1,es_scan_with_h2o_1_vib_excited_1,2.415822194625798e-14
140,5.059626476164639e-06,gs_scan_with_h2o_1,es_scan_with_h2o_2,4.203654680927658e-25
141,0.0005973832130337544,gs_scan_with_h2o_1_vib_excited_0,es_scan_with_h2o_2_vib_excited_0,4.203654680927658e-25
142,0.0007796366242822436,gs_scan_with_h2o_1_vib_excited_1,es_scan_with_h2o_2_vib_excited_1,4.203654680927658e-25
143,5.059636328643959e-06,gs_scan_with_h2o_1,es_scan_with_h2o_3,1.5516427504706744e-13
144,0.0005973832228862337,gs_scan_with_h2o_1_vib_excited_0,es_scan_with_h2o_3_vib_excited_0,1.5516427504706744e-13
145,0.0007796366341347229,gs_scan_with_h2o_1_vib_excited_1,es_scan_with_h2o_3_vib_excited_1,1.5516427504706744e-13
146,0.000364544004980115,gs_scan_with_h2o_1,es_scan_with_h2o_4,1.1882450139433664e-12
147,0.0009568675915377048,gs_scan_with_h2o_1_vib_excited_0,es_scan_with_h2o_4_vib_excited_0,1.1882450139433664e-12
148,0.001139121002786194,gs_scan_with_h2o_1_vib_excited_1,es_scan_with_h2o_4_vib_excited_1,1.1882450139433664e-12
149,0.00036454401199321616,gs_scan_with_h2o_1,es_scan_with_h2o_5,0.0027249669999607567
150,0.000956867598550806,gs_scan_with_h2o_1_vib_excited_0,es_scan_with_h2o_5_vib_excited_0,0.0027249669999607567
151,0.0011391210097992952,gs_scan_with_h2o_1_vib_excited_1,es_scan_with_h2o_5_vib_excited_1,0.0027249669999607567
152,0.0003715557568782028,gs_scan_with_h2o_1,es_scan_with_h2o_6,1.1798461352043507e-21
153,0.0009638793434357926,gs_scan_with_h2o_1_vib_excited_0,es_scan_with_h2o_6_vib_excited_0,1.1798461352043507e-21
154,0.0011461327546842819,gs_scan_with_h2o_1_vib_excited_1,es_scan_with_h2o_6_vib_excited_1,1.1798461352043507e-21
155,0.00037155576320098405,gs_scan_with_h2o_1,es_scan_with_h2o_7,6.31065011872245e-10
156,0.0009638793497585738,gs_scan_with_h2o_1_vib_excited_0,es_scan_with_h2o_7_vib_excited_0,6.31065011872245e-10
157,0.0011461327610070631,gs_scan_with_h2o_1_vib_excited_1,es_scan_with_h2o_7_vib_excited_1,6.31065011872245e-10
158,0.0007349986108809537,gs_scan_with_h2o_1,es_scan_with_h2o_8,1.1391901926213192e-05
159,0.0013273221974385435,gs_scan_with_h2o_1_vib_excited_0,es_scan_with_h2o_8_vib_excited_0,1.1391901926213192e-05
160,0.0015095756086870326,gs_scan_with_h2o_1_vib_excited_1,es_scan_with_h2o_8_vib_excited_1,1.1391901926213192e-05
161,0.0007349986148657497,gs_scan_with_h2o_1,es_scan_with_h2o_9,7.86949646176049e-18
162,0.0013273222014233395,gs_scan_with_h2o_1_vib_excited_0,es_scan_with_h2o_9_vib_excited_0,7.86949646176049e-18
163,0.0015095756126718286,gs_scan_with_h2o_1_vib_excited_1,es_scan_with_h2o_9_vib_excited_1,7.86949646176049e-18
164,0.0007368234717977507,gs_scan_with_h2o_1,es_scan_with_h2o_10,1.7892017652538189e-12
165,0.0013291470583553404,gs_scan_with_h2o_1_vib_excited_0,es_scan_with_h2o_10_vib_excited_0,1.7892017652538189e-12
166,0.0015114004696038298,gs_scan_with_h2o_1_vib_excited_1,es_scan_with_h2o_10_vib_excited_1,1.7892017652538189e-12
167,0.0007368234757205991,gs_scan_with_h2o_1,es_scan_with_h2o_11,0.008504314599860454
168,0.0013291470622781888,gs_scan_with_h2o_1_vib_excited_0,es_scan_with_h2o_11_vib_excited_0,0.008504314599860454
169,0.0015114004735266781,gs_scan_with_h2o_1_vib_excited_1,es_scan_with_h2o_11_vib_excited_1,0.008504314599860454
170,0.001085627626046953,gs_scan_with_h2o_1,es_scan_with_h2o_12,6.944719277950726e-16
171,0.001677951212604543,gs_scan_with_h2o_1_vib_excited_0,es_scan_with_h2o_12_vib_excited_0,6.944719277950726e-16
172,0.001860204623853032,gs_scan_with_h2o_1_vib_excited_1,es_scan_with_h2o_12_vib_excited_1,6.944719277950726e-16
173,0.0010856276279320916,gs_scan_with_h2o_1,es_scan_with_h2o_13,4.203025872266489e-05
174,0.0016779512144896812,gs_scan_with_h2o_1_vib_excited_0,es_scan_with_h2o_13_vib_excited_0,4.203025872266489e-05
175,0.0018602046257381705,gs_scan_with_h2o_1_vib_excited_1,es_scan_with_h2o_13_vib_excited_1,4.203025872266489e-05
176,0.0011046131700447681,gs_scan_with_h2o_1,es_scan_with_h2o_14,1.900038946932129e-12
177,0.001696936756602358,gs_scan_with_h2o_1_vib_excited_0,es_scan_with_h2o_14_vib_excited_0,1.900038946932129e-12
178,0.0018791901678508471,gs_scan_with_h2o_1_vib_excited_1,es_scan_with_h2o_14_vib_excited_1,1.900038946932129e-12
179,0.0011046131725994158,gs_scan_with_h2o_1,es_scan_with_h2o_15,0.017910546197551454
180,0.0016969367591570055,gs_scan_with_h2o_1_vib_excited_0,es_scan_with_h2o_15_vib_excited_0,0.017910546197551454
181,0.0018791901704054948,gs_scan_with_h2o_1_vib_excited_1,es_scan_with_h2o_15_vib_excited_1,0.017910546197551454
182,0.0014098484542017782,gs_scan_with_h2o_1,es_scan_with_h2o_16,0.001186887164214091
183,0.002002172040759368,gs_scan_with_h2o_1_vib_excited_0,es_scan_with_h2o_16_vib_excited_0,0.001186887164214091
184,0.002184425452007857,gs_scan_with_h2o_1_vib_excited_1,es_scan_with_h2o_16_vib_excited_1,0.001186887164214091
185,0.0014098484570677907,gs_scan_with_h2o_1,es_scan_with_h2o_17,1.9812027447239727e-12
186,0.0020021720436253806,gs_scan_with_h2o_1_vib_excited_0,es_scan_with_h2o_17_vib_excited_0,1.9812027447239727e-12
187,0.0021844254548738697,gs_scan_with_h2o_1_vib_excited_1,es_scan_with_h2o_17_vib_excited_1,1.9812027447239727e-12
188,0.0014531983557253614,gs_scan_with_h2o_1,es_scan_with_h2o_18,2.759236828649889e-15
189,0.002045521942282951,gs_scan_with_h2o_1_vib_excited_0,es_scan_with_h2o_18_vib_excited_0,2.759236828649889e-15
190,0.0022277753535314406,gs_scan_with_h2o_1_vib_excited_1,es_scan_with_h2o_18_vib_excited_1,2.759236828649889e-15
191,0.0014531983741066414,gs_scan_with_h2o_1,es_scan_with_h2o_19,0.026487214693902642
192,0.002045521960664231,gs_scan_with_h2o_1_vib_excited_0,es_scan_with_h2o_19_vib_excited_0,0.026487214693902642
193,0.0022277753719127207,gs_scan_with_h2o_1_vib_excited_1,es_scan_with_h2o_19_vib_excited_1,0.026487214693902642
194,0.001679303333799799,gs_scan_with_h2o_1,es_scan_with_h2o_20,8.827904786952562e-14
195,0.002271626920357389,gs_scan_with_h2o_1_vib_excited_0,es_scan_with_h2o_20_vib_excited_0,8.827904786952562e-14
196,0.002453880331605878,gs_scan_with_h2o_1_vib_excited_1,es_scan_with_h2o_20_vib_excited_1,8.827904786952562e-14
197,0.0016793033413920926,gs_scan_with_h2o_1,es_scan_with_h2o_21,0.007727446921911048
198,0.0022716269279496825,gs_scan_with_h2o_1_vib_excited_0,es_scan_with_h2o_21_vib_excited_0,0.007727446921911048
199,0.0024538803391981716,gs_scan_with_h2o_1_vib_excited_1,es_scan_with_h2o_21_vib_excited_1,0.007727446921911048
200,0.0017835703181216123,gs_scan_with_h2o_1,es_scan_with_h2o_22,7.344649602861092e-14
201,0.0023758939046792022,gs_scan_with_h2o_1_vib_excited_0,es_scan_with_h2o_22_vib_excited_0,7.344649602861092e-14
202,0.0025581473159276913,gs_scan_with_h2o_1_vib_excited_1,es_scan_with_h2o_22_vib_excited_1,7.344649602861092e-14
203,0.0017835703405633908,gs_scan_with_h2o_1,es_scan_with_h2o_23,0.026508690388911366
204,0.0023758939271209807,gs_scan_with_h2o_1_vib_excited_0,es_scan_with_h2o_23_vib_excited_0,0.026508690388911366
205,0.00255814733836947,gs_scan_with_h2o_1_vib_excited_1,es_scan_with_h2o_23_vib_excited_1,0.026508690388911366
206,0.001961849397650793,gs_scan_with_h2o_1,es_scan_with_h2o_24,2.148629006955439e-11
207,0.0025541729842083827,gs_scan_with_h2o_1_vib_excited_0,es_scan_with_h2o_24_vib_excited_0,2.148629006955439e-11
208,0.002736426395456872,gs_scan_with_h2o_1_vib_excited_1,es_scan_with_h2o_24_vib_excited_1,2.148629006955439e-11
209,0.0019618494021344988,gs_scan_with_h2o_1,es_scan_with_h2o_25,0.021179974070657658
210,0.0025541729886920887,gs_scan_with_h2o_1_vib_excited_0,es_scan_with_h2o_25_vib_excited_0,0.021179974070657658
211,0.0027364263999405778,gs_scan_with_h2o_1_vib_excited_1,es_scan_with_h2o_25_vib_excited_1,0.021179974070657658
212,0.002129953931930564,gs_scan_with_h2o_1,es_scan_with_h2o_26,3.8262831317419985e-13
213,0.002722277518488154,gs_scan_with_h2o_1_vib_excited_0,es_scan_with_h2o_26_vib_excited_0,3.8262831317419985e-13
214,0.002904530929736643,gs_scan_with_h2o_1_vib_excited_1,es_scan_with_h2o_26_vib_excited_1,3.8262831317419985e-13
215,0.0021299539527646935,gs_scan_with_h2o_1,es_scan_with_h2o_27,0.03130780421032967
216,0.0027222775393222834,gs_scan_with_h2o_1_vib_excited_0,es_scan_with_h2o_27_vib_excited_0,0.03130780421032967
217,0.0029045309505707725,gs_scan_with_h2o_1_vib_excited_1,es_scan_with_h2o_27_vib_excited_1,0.03130780421032967
218,0.0023140533783741124,gs_scan_with_h2o_1,es_scan_with_h2o_28,7.312000811209759e-13
219,0.0029063769649317023,gs_scan_with_h2o_1_vib_excited_0,es_scan_with_h2o_28_vib_excited_0,7.312000811209759e-13
220,0.0030886303761801914,gs_scan_with_h2o_1_vib_excited_1,es_scan_with_h2o_28_vib_excited_1,7.312000811209759e-13
221,0.0023140533814541217,gs_scan_with_h2o_1,es_scan_with_h2o_29,0.03480095013799359
222,0.0029063769680117116,gs_scan_with_h2o_1_vib_excited_0,es_scan_with_h2o_29_vib_excited_0,0.03480095013799359
223,0.0030886303792602007,gs_scan_with_h2o_1_vib_excited_1,es_scan_with_h2o_29_vib_excited_1,0.03480095013799359
224,0.0025052835694881325,gs_scan_with_h2o_1,es_scan_with_h2o_30,1.174678570627787e-12
225,0.0030976071560457224,gs_scan_with_h2o_1_vib_excited_0,es_scan_with_h2o_30_vib_excited_0,1.174678570627787e-12
226,0.0032798605672942115,gs_scan_with_h2o_1_vib_excited_1,es_scan_with_h2o_30_vib_excited_1,1.174678570627787e-12
227,0.0025052835804544923,gs_scan_with_h2o_1,es_scan_with_h2o_31,0.04055019283923136
228,0.003097607167012082,gs_scan_with_h2o_1_vib_excited_0,es_scan_with_h2o_31_vib_excited_0,0.04055019283923136
229,0.0032798605782605713,gs_scan_with_h2o_1_vib_excited_1,es_scan_with_h2o_31_vib_excited_1,0.04055019283923136
230,0.0027028896631573116,gs_scan_with_h2o_1,es_scan_with_h2o_32,2.0291875443496298e-13
231,0.0032952132497149015,gs_scan_with_h2o_1_vib_excited_0,es_scan_with_h2o_32_vib_excited_0,2.0291875443496298e-13
232,0.0034774666609633906,gs_scan_with_h2o_1_vib_excited_1,es_scan_with_h2o_32_vib_excited_1,2.0291875443496298e-13
233,0.002702889673988558,gs_scan_with_h2o_1,es_scan_with_h2o_33,0.045305906140759356
234,0.003295213260546148,gs_scan_with_h2o_1_vib_excited_0,es_scan_with_h2o_33_vib_excited_0,0.045305906140759356
235,0.003477466671794637,gs_scan_with_h2o_1_vib_excited_1,es_scan_with_h2o_33_vib_excited_1,0.045305906140759356
236,0.0029063969969591883,gs_scan_with_h2o_1,es_scan_with_h2o_34,3.9296988444401276e-12
237,0.003498720583516778,gs_scan_with_h2o_1_vib_excited_0,es_scan_with_h2o_34_vib_excited_0,3.9296988444401276e-12
238,0.0036809739947652673,gs_scan_with_h2o_1_vib_excited_1,es_scan_with_h2o_34_vib_excited_1,3.9296988444401276e-12
239,0.0029063970026065636,gs_scan_with_h2o_1,es_scan_with_h2o_35,0.04938111043677582
240,0.0034987205891641535,gs_scan_with_h2o_1_vib_excited_0,es_scan_with_h2o_35_vib_excited_0,0.04938111043677582
241,0.0036809740004126426,gs_scan_with_h2o_1_vib_excited_1,es_scan_with_h2o_35_vib_excited_1,0.04938111043677582
242,0.0031149495232898894,gs_scan_with_h2o_1,es_scan_with_h2o_36,2.3607248432576648e-14
243,0.0037072731098474793,gs_scan_with_h2o_1_vib_excited_0,es_scan_with_h2o_36_vib_excited_0,2.3607248432576648e-14
244,0.0038895265210959684,gs_scan_with_h2o_1_vib_excited_1,es_scan_with_h2o_36_vib_excited_1,2.3607248432576648e-14
245,0.0031149495400357215,gs_scan_with_h2o_1,es_scan_with_h2o_37,0.052744477986244834
246,0.0037072731265933114,gs_scan_with_h2o_1_vib_excited_0,es_scan_with_h2o_37_vib_excited_0,0.052744477986244834
247,0.0038895265378418005,gs_scan_with_h2o_1_vib_excited_1,es_scan_with_h2o_37_vib_excited_1,0.052744477986244834
248,0.0033279746694163436,gs_scan_with_h2o_1,es_scan_with_h2o_38,1.9167797554124535e-10
249,0.003920298255973933,gs_scan_with_h2o_1_vib_excited_0,es_scan_with_h2o_38_vib_excited_0,1.9167797554124535e-10
250,0.0041025516672224226,gs_scan_with_h2o_1_vib_excited_1,es_scan_with_h2o_38_vib_excited_1,1.9167797554124535e-10
251,0.003327974670203537,gs_scan_with_h2o_1,es_scan_with_h2o_39,0.054992711340299184
252,0.003920298256761126,gs_scan_with_h2o_1_vib_excited_0,es_scan_with_h2o_39_vib_excited_0,0.054992711340299184
253,0.004102551668009616,gs_scan_with_h2o_1_vib_excited_1,es_scan_with_h2o_39_vib_excited_1,0.054992711340299184
254,0.0035451966450977396,gs_scan_with_h2o_1,es_scan_with_h2o_40,5.365145690765404e-13
255,0.004137520231655329,gs_scan_with_h2o_1_vib_excited_0,es_scan_with_h2o_40_vib_excited_0,5.365145690765404e-13
256,0.0043197736429038186,gs_scan_with_h2o_1_vib_excited_1,es_scan_with_h2o_40_vib_excited_1,5.365145690765404e-13
257,0.003545196663411626,gs_scan_with_h2o_1,es_scan_with_h2o_41,0.05618781816967411
258,0.004137520249969216,gs_scan_with_h2o_1_vib_excited_0,es_scan_with_h2o_41_vib_excited_0,0.05618781816967411
259,0.0043197736612177046,gs_scan_with_h2o_1_vib_excited_1,es_scan_with_h2o_41_vib_excited_1,0.05618781816967411
260,0.003766104546264283,gs_scan_with_h2o_1,es_scan_with_h2o_42,6.158958671741227e-11
261,0.0043584281328218726,gs_scan_with_h2o_1_vib_excited_0,es_scan_with_h2o_42_vib_excited_0,6.158958671741227e-11
262,0.003766104550046212,gs_scan_with_h2o_1,es_scan_with_h2o_43,0.05620664994778371
263,0.004358428136603801,gs_scan_with_h2o_1_vib_excited_0,es_scan_with_h2o_43_vib_excited_0,0.05620664994778371
264,0.003990557649613103,gs_scan_with_h2o_1,es_scan_with_h2o_44,4.6919916285918243e-11
265,0.0039905576536363,gs_scan_with_h2o_1,es_scan_with_h2o_45,0.05511303718427759
266,0.004218160976478722,gs_scan_with_h2o_1,es_scan_with_h2o_46,4.385782827355898e-12
267,0.004218160981582522,gs_scan_with_h2o_1,es_scan_with_h2o_47,0.05303620742176321
268,-5.605046972215232e-06,gs_scan_with_h2o_2,es_scan_with_h2o_0,1.208807559814842e-13
269,0.0005867185395853746,gs_scan_with_h2o_2_vib_excited_0,es_scan_with_h2o_0_vib_excited_0,1.208807559814842e-13
270,0.0007689719508338637,gs_scan_with_h2o_2_vib_excited_1,es_scan_with_h2o_0_vib_excited_1,1.208807559814842e-13
271,-5.60503653130825e-06,gs_scan_with_h2o_2,es_scan_with_h2o_1,1.8697880122265142e-24
272,0.0005867185500262815,gs_scan_with_h2o_2_vib_excited_0,es_scan_with_h2o_1_vib_excited_0,1.8697880122265142e-24
273,0.0007689719612747707,gs_scan_with_h2o_2_vib_excited_1,es_scan_with_h2o_1_vib_excited_1,1.8697880122265142e-24
274,-5.454188398765615e-07,gs_scan_with_h2o_2,es_scan_with_h2o_2,5.616908827806596e-14
275,0.0005917781677177133,gs_scan_with_h2o_2_vib_excited_0,es_scan_with_h2o_2_vib_excited_0,5.616908827806596e-14
276,0.0007740315789662025,gs_scan_with_h2o_2_vib_excited_1,es_scan_with_h2o_2_vib_excited_1,5.616908827806596e-14
277,-5.454089873972419e-07,gs_scan_with_h2o_2,es_scan_with_h2o_3,0.0003967449188562632
278,0.0005917781775701925,gs_scan_with_h2o_2_vib_excited_0,es_scan_with_h2o_3_vib_excited_0,0.0003967449188562632
279,0.0007740315888186817,gs_scan_with_h2o_2_vib_excited_1,es_scan_with_h2o_3_vib_excited_1,0.0003967449188562632
280,0.0003589389596640738,gs_scan_with_h2o_2,es_scan_with_h2o_4,4.890453307337515e-20
281,0.0009512625462216636,gs_scan_with_h2o_2_vib_excited_0,es_scan_with_h2o_4_vib_excited_0,4.890453307337515e-20
282,0.0011335159574701527,gs_scan_with_h2o_2_vib_excited_1,es_scan_with_h2o_4_vib_excited_1,4.890453307337515e-20
283,0.00035893896667717494,gs_scan_with_h2o_2,es_scan_with_h2o_5,4.4450931597451564e-10
284,0.0009512625532347647,gs_scan_with_h2o_2_vib_excited_0,es_scan_with_h2o_5_vib_excited_0,4.4450931597451564e-10
285,0.001133515964483254,gs_scan_with_h2o_2_vib_excited_1,es_scan_with_h2o_5_vib_excited_1,4.4450931597451564e-10
286,0.00036595071156216155,gs_scan_with_h2o_2,es_scan_with_h2o_6,3.1692865135330285e-13
287,0.0009582742981197514,gs_scan_with_h2o_2_vib_excited_0,es_scan_with_h2o_6_vib_excited_0,3.1692865135330285e-13
288,0.0011405277093682405,gs_scan_with_h2o_2_vib_excited_1,es_scan_with_h2o_6_vib_excited_1,3.1692865135330285e-13
289,0.0003659507178849428,gs_scan_with_h2o_2,es_scan_with_h2o_7,0.002286984427474452
290,0.0009582743044425327,gs_scan_with_h2o_2_vib_excited_0,es_scan_with_h2o_7_vib_excited_0,0.002286984427474452
291,0.0011405277156910218,gs_scan_with_h2o_2_vib_excited_1,es_scan_with_h2o_7_vib_excited_1,0.002286984427474452
292,0.0007293935655649124,gs_scan_with_h2o_2,es_scan_with_h2o_8,0.006668982696342067
293,0.0013217171521225021,gs_scan_with_h2o_2_vib_excited_0,es_scan_with_h2o_8_vib_excited_0,0.006668982696342067
294,0.0015039705633709914,gs_scan_with_h2o_2_vib_excited_1,es_scan_with_h2o_8_vib_excited_1,0.006668982696342067
295,0.0007293935695497084,gs_scan_with_h2o_2,es_scan_with_h2o_9,8.345274065123492e-13
296,0.0013217171561072981,gs_scan_with_h2o_2_vib_excited_0,es_scan_with_h2o_9_vib_excited_0,8.345274065123492e-13
297,0.0015039705673557874,gs_scan_with_h2o_2_vib_excited_1,es_scan_with_h2o_9_vib_excited_1,8.345274065123492e-13
298,0.0007312184264817094,gs_scan_with_h2o_2,es_scan_with_h2o_10,5.731663492697443e-15
299,0.0013235420130392993,gs_scan_with_h2o_2_vib_excited_0,es_scan_with_h2o_10_vib_excited_0,5.731663492697443e-15
300,0.0015057954242877884,gs_scan_with_h2o_2_vib_excited_1,es_scan_with_h2o_10_vib_excited_1,5.731663492697443e-15
301,0.000731218430404558,gs_scan_with_h2o_2,es_scan_with_h2o_11,9.275956400743986e-06
302,0.0013235420169621479,gs_scan_with_h2o_2_vib_excited_0,es_scan_with_h2o_11_vib_excited_0,9.275956400743986e-06
303,0.001505795428210637,gs_scan_with_h2o_2_vib_excited_1,es_scan_with_h2o_11_vib_excited_1,9.275956400743986e-06
304,0.0010800225807309119,gs_scan_with_h2o_2,es_scan_with_h2o_12,5.306087442381494e-13
305,0.0016723461672885015,gs_scan_with_h2o_2_vib_excited_0,es_scan_with_h2o_12_vib_excited_0,5.306087442381494e-13
306,0.0018545995785369908,gs_scan_with_h2o_2_vib_excited_1,es_scan_with_h2o_12_vib_excited_1,5.306087442381494e-13
307,0.0010800225826160504,gs_scan_with_h2o_2,es_scan_with_h2o_13,0.013409651022617616
308,0.0016723461691736403,gs_scan_with_h2o_2_vib_excited_0,es_scan_with_h2o_13_vib_excited_0,0.013409651022617616
309,0.0018545995804221294,gs_scan_with_h2o_2_vib_excited_1,es_scan_with_h2o_13_vib_excited_1,0.013409651022617616
310,0.001099008124728727,gs_scan_with_h2o_2,es_scan_with_h2o_14,1.344481313134458e-19
311,0.0016913317112863166,gs_scan_with_h2o_2_vib_excited_0,es_scan_with_h2o_14_vib_excited_0,1.344481313134458e-19
312,0.001873585122534806,gs_scan_with_h2o_2_vib_excited_1,es_scan_with_h2o_14_vib_excited_1,1.344481313134458e-19
313,0.0010990081272833747,gs_scan_with_h2o_2,es_scan_with_h2o_15,4.4360117607274704e-05
314,0.0016913317138409645,gs_scan_with_h2o_2_vib_excited_0,es_scan_with_h2o_15_vib_excited_0,4.4360117607274704e-05
315,0.0018735851250894536,gs_scan_with_h2o_2_vib_excited_1,es_scan_with_h2o_15_vib_excited_1,4.4360117607274704e-05
316,0.001404243408885737,gs_scan_with_h2o_2,es_scan_with_h2o_16,0.01917519902425638
317,0.0019965669954433267,gs_scan_with_h2o_2_vib_excited_0,es_scan_with_h2o_16_vib_excited_0,0.01917519902425638
318,0.0021788204066918162,gs_scan_with_h2o_2_vib_excited_1,es_scan_with_h2o_16_vib_excited_1,0.01917519902425638
319,0.0014042434117517496,gs_scan_with_h2o_2,es_scan_with_h2o_17,1.783900850837195e-11
320,0.0019965669983093392,gs_scan_with_h2o_2_vib_excited_0,es_scan_with_h2o_17_vib_excited_0,1.783900850837195e-11
321,0.0021788204095578283,gs_scan_with_h2o_2_vib_excited_1,es_scan_with_h2o_17_vib_excited_1,1.783900850837195e-11
322,0.0014475933104093203,gs_scan_with_h2o_2,es_scan_with_h2o_18,1.932109817867882e-13
323,0.00203991689696691,gs_scan_with_h2o_2_vib_excited_0,es_scan_with_h2o_18_vib_excited_0,1.932109817867882e-13
324,0.0022221703082153993,gs_scan_with_h2o_2_vib_excited_1,es_scan_with_h2o_18_vib_excited_1,1.932109817867882e-13
325,0.0014475933287906003,gs_scan_with_h2o_2,es_scan_with_h2o_19,0.0016945574096527043
326,0.00203991691534819,gs_scan_with_h2o_2_vib_excited_0,es_scan_with_h2o_19_vib_excited_0,0.0016945574096527043
327,0.0022221703265966793,gs_scan_with_h2o_2_vib_excited_1,es_scan_with_h2o_19_vib_excited_1,0.0016945574096527043
328,0.0016736982884837579,gs_scan_with_h2o_2,es_scan_with_h2o_20,3.2530253590119923e-12
329,0.0022660218750413475,gs_scan_with_h2o_2_vib_excited_0,es_scan_with_h2o_20_vib_excited_0,3.2530253590119923e-12
330,0.002448275286289837,gs_scan_with_h2o_2_vib_excited_1,es_scan_with_h2o_20_vib_excited_1,3.2530253590119923e-12
331,0.0016736982960760514,gs_scan_with_h2o_2,es_scan_with_h2o_21,0.017243130104104738
332,0.002266021882633641,gs_scan_with_h2o_2_vib_excited_0,es_scan_with_h2o_21_vib_excited_0,0.017243130104104738
333,0.00244827529388213,gs_scan_with_h2o_2_vib_excited_1,es_scan_with_h2o_21_vib_excited_1,0.017243130104104738
334,0.0017779652728055712,gs_scan_with_h2o_2,es_scan_with_h2o_22,9.720245147312768e-13
335,0.002370288859363161,gs_scan_with_h2o_2_vib_excited_0,es_scan_with_h2o_22_vib_excited_0,9.720245147312768e-13
336,0.00255254227061165,gs_scan_with_h2o_2_vib_excited_1,es_scan_with_h2o_22_vib_excited_1,9.720245147312768e-13
337,0.0017779652952473496,gs_scan_with_h2o_2,es_scan_with_h2o_23,0.012869679902816908
338,0.0023702888818049393,gs_scan_with_h2o_2_vib_excited_0,es_scan_with_h2o_23_vib_excited_0,0.012869679902816908
339,0.0025525422930534284,gs_scan_with_h2o_2_vib_excited_1,es_scan_with_h2o_23_vib_excited_1,0.012869679902816908
340,0.0019562443523347514,gs_scan_with_h2o_2,es_scan_with_h2o_24,1.0500725773921763e-11
341,0.0025485679388923413,gs_scan_with_h2o_2_vib_excited_0,es_scan_with_h2o_24_vib_excited_0,1.0500725773921763e-11
342,0.0027308213501408304,gs_scan_with_h2o_2_vib_excited_1,es_scan_with_h2o_24_vib_excited_1,1.0500725773921763e-11
343,0.0019562443568184574,gs_scan_with_h2o_2,es_scan_with_h2o_25,0.02272636212522
344,0.0025485679433760473,gs_scan_with_h2o_2_vib_excited_0,es_scan_with_h2o_25_vib_excited_0,0.02272636212522
345,0.0027308213546245364,gs_scan_with_h2o_2_vib_excited_1,es_scan_with_h2o_25_vib_excited_1,0.02272636212522
346,0.0021243488866145225,gs_scan_with_h2o_2,es_scan_with_h2o_26,4.88993003069025e-12
347,0.0027166724731721124,gs_scan_with_h2o_2_vib_excited_0,es_scan_with_h2o_26_vib_excited_0,4.88993003069025e-12
348,0.0028989258844206015,gs_scan_with_h2o_2_vib_excited_1,es_scan_with_h2o_26_vib_excited_1,4.88993003069025e-12
349,0.002124348907448652,gs_scan_with_h2o_2,es_scan_with_h2o_27,0.02548768779520703
350,0.002716672494006242,gs_scan_with_h2o_2_vib_excited_0,es_scan_with_h2o_27_vib_excited_0,0.02548768779520703
351,0.002898925905254731,gs_scan_with_h2o_2_vib_excited_1,es_scan_with_h2o_27_vib_excited_1,0.02548768779520703
352,0.002308448333058071,gs_scan_with_h2o_2,es_scan_with_h2o_28,1.0628282192369456e-12
353,0.002900771919615661,gs_scan_with_h2o_2_vib_excited_0,es_scan_with_h2o_28_vib_excited_0,1.0628282192369456e-12
354,0.00308302533086415,gs_scan_with_h2o_2_vib_excited_1,es_scan_with_h2o_28_vib_excited_1,1.0628282192369456e-12
355,0.0023084483361380803,gs_scan_with_h2o_2,es_scan_with_h2o_29,0.031906926640540095
356,0.00290077192269567,gs_scan_with_h2o_2_vib_excited_0,es_scan_with_h2o_29_vib_excited_0,0.031906926640540095
357,0.0030830253339441593,gs_scan_with_h2o_2_vib_excited_1,es_scan_with_h2o_29_vib_excited_1,0.031906926640540095
358,0.002499678524172091,gs_scan_with_h2o_2,es_scan_with_h2o_30,9.106221822487607e-13
359,0.003092002110729681,gs_scan_with_h2o_2_vib_excited_0,es_scan_with_h2o_30_vib_excited_0,9.106221822487607e-13
360,0.00327425552197817,gs_scan_with_h2o_2_vib_excited_1,es_scan_with_h2o_30_vib_excited_1,9.106221822487607e-13
361,0.002499678535138451,gs_scan_with_h2o_2,es_scan_with_h2o_31,0.036821594599831656
362,0.0030920021216960408,gs_scan_with_h2o_2_vib_excited_0,es_scan_with_h2o_31_vib_excited_0,0.036821594599831656
363,0.00327425553294453,gs_scan_with_h2o_2_vib_excited_1,es_scan_with_h2o_31_vib_excited_1,0.036821594599831656
364,0.00269728461784127,gs_scan_with_h2o_2,es_scan_with_h2o_32,2.848702520268445e-12
365,0.00328960820439886,gs_scan_with_h2o_2_vib_excited_0,es_scan_with_h2o_32_vib_excited_0,2.848702520268445e-12
366,0.003471861615647349,gs_scan_with_h2o_2_vib_excited_1,es_scan_with_h2o_32_vib_excited_1,2.848702520268445e-12
367,0.0026972846286725167,gs_scan_with_h2o_2,es_scan_with_h2o_33,0.04196665664087323
368,0.0032896082152301066,gs_scan_with_h2o_2_vib_excited_0,es_scan_with_h2o_33_vib_excited_0,0.04196665664087323
369,0.0034718616264785957,gs_scan_with_h2o_2_vib_excited_1,es_scan_with_h2o_33_vib_excited_1,0.04196665664087323
370,0.002900791951643147,gs_scan_with_h2o_2,es_scan_with_h2o_34,9.590335212379876e-14
371,0.0034931155382007368,gs_scan_with_h2o_2_vib_excited_0,es_scan_with_h2o_34_vib_excited_0,9.590335212379876e-14
372,0.003675368949449226,gs_scan_with_h2o_2_vib_excited_1,es_scan_with_h2o_34_vib_excited_1,9.590335212379876e-14
373,0.0029007919572905222,gs_scan_with_h2o_2,es_scan_with_h2o_35,0.046603194941132436
374,0.003493115543848112,gs_scan_with_h2o_2_vib_excited_0,es_scan_with_h2o_35_vib_excited_0,0.046603194941132436
375,0.0036753689550966012,gs_scan_with_h2o_2_vib_excited_1,es_scan_with_h2o_35_vib_excited_1,0.046603194941132436
376,0.003109344477973848,gs_scan_with_h2o_2,es_scan_with_h2o_36,6.128934832959678e-12
377,0.003701668064531438,gs_scan_with_h2o_2_vib_excited_0,es_scan_with_h2o_36_vib_excited_0,6.128934832959678e-12
378,0.003883921475779927,gs_scan_with_h2o_2_vib_excited_1,es_scan_with_h2o_36_vib_excited_1,6.128934832959678e-12
379,0.00310934449471968,gs_scan_with_h2o_2,es_scan_with_h2o_37,0.050429456184452826
380,0.00370166808127727,gs_scan_with_h2o_2_vib_excited_0,es_scan_with_h2o_37_vib_excited_0,0.050429456184452826
381,0.003883921492525759,gs_scan_with_h2o_2_vib_excited_1,es_scan_with_h2o_37_vib_excited_1,0.050429456184452826
382,0.003322369624100302,gs_scan_with_h2o_2,es_scan_with_h2o_38,1.2650378270392153e-10
383,0.003914693210657892,gs_scan_with_h2o_2_vib_excited_0,es_scan_with_h2o_38_vib_excited_0,1.2650378270392153e-10
384,0.004096946621906381,gs_scan_with_h2o_2_vib_excited_1,es_scan_with_h2o_38_vib_excited_1,1.2650378270392153e-10
385,0.0033223696248874954,gs_scan_with_h2o_2,es_scan_with_h2o_39,0.05337629494494783
386,0.003914693211445085,gs_scan_with_h2o_2_vib_excited_0,es_scan_with_h2o_39_vib_excited_0,0.05337629494494783
387,0.004096946622693574,gs_scan_with_h2o_2_vib_excited_1,es_scan_with_h2o_39_vib_excited_1,0.05337629494494783
388,0.003539591599781698,gs_scan_with_h2o_2,es_scan_with_h2o_40,9.968963907458371e-12
389,0.004131915186339288,gs_scan_with_h2o_2_vib_excited_0,es_scan_with_h2o_40_vib_excited_0,9.968963907458371e-12
390,0.004314168597587777,gs_scan_with_h2o_2_vib_excited_1,es_scan_with_h2o_40_vib_excited_1,9.968963907458371e-12
391,0.0035395916180955846,gs_scan_with_h2o_2,es_scan_with_h2o_41,0.05514495529135273
392,0.0041319152046531745,gs_scan_with_h2o_2_vib_excited_0,es_scan_with_h2o_41_vib_excited_0,0.05514495529135273
393,0.004314168615901663,gs_scan_with_h2o_2_vib_excited_1,es_scan_with_h2o_41_vib_excited_1,0.05514495529135273
394,0.0037604995009482417,gs_scan_with_h2o_2,es_scan_with_h2o_42,1.0527166338070447e-10
395,0.004352823087505831,gs_scan_with_h2o_2_vib_excited_0,es_scan_with_h2o_42_vib_excited_0,1.0527166338070447e-10
396,0.0037604995047301705,gs_scan_with_h2o_2,es_scan_with_h2o_43,0.055741522250478966
397,0.00435282309128776,gs_scan_with_h2o_2_vib_excited_0,es_scan_with_h2o_43_vib_excited_0,0.055741522250478966
398,0.003984952604297063,gs_scan_with_h2o_2,es_scan_with_h2o_44,1.9535399859864956e-11
399,0.0039849526083202596,gs_scan_with_h2o_2,es_scan_with_h2o_45,0.055140376763495196
400,0.0042125559311626815,gs_scan_with_h2o_2,es_scan_with_h2o_46,2.020356451875621e-11
401,0.004212555936266482,gs_scan_with_h2o_2,es_scan_with_h2o_47,0.05341206681219847
402,-5.60504787798078e-06,gs_scan_with_h2o_3,es_scan_with_h2o_0,8.729291870231288e-25
403,0.000586718538679609,gs_scan_with_h2o_3_vib_excited_0,es_scan_with_h2o_0_vib_excited_0,8.729291870231288e-25
404,0.0007689719499280982,gs_scan_with_h2o_3_vib_excited_1,es_scan_with_h2o_0_vib_excited_1,8.729291870231288e-25
405,-5.605037437073798e-06,gs_scan_with_h2o_3,es_scan_with_h2o_1,1.2088191547096852e-13
406,0.000586718549120516,gs_scan_with_h2o_3_vib_excited_0,es_scan_with_h2o_1_vib_excited_0,1.2088191547096852e-13
407,0.0007689719603690052,gs_scan_with_h2o_3_vib_excited_1,es_scan_with_h2o_1_vib_excited_1,1.2088191547096852e-13
408,-5.454197456421093e-07,gs_scan_with_h2o_3,es_scan_with_h2o_2,0.0003967449450455696
409,0.0005917781668119477,gs_scan_with_h2o_3_vib_excited_0,es_scan_with_h2o_2_vib_excited_0,0.0003967449450455696
410,0.0007740315780604369,gs_scan_with_h2o_3_vib_excited_1,es_scan_with_h2o_2_vib_excited_1,0.0003967449450455696
411,-5.454098931627897e-07,gs_scan_with_h2o_3,es_scan_with_h2o_3,5.616910024845346e-14
412,0.000591778176664427,gs_scan_with_h2o_3_vib_excited_0,es_scan_with_h2o_3_vib_excited_0,5.616910024845346e-14
413,0.0007740315879129162,gs_scan_with_h2o_3_vib_excited_1,es_scan_with_h2o_3_vib_excited_1,5.616910024845346e-14
414,0.00035893895875830826,gs_scan_with_h2o_3,es_scan_with_h2o_4,4.4450922089349526e-10
415,0.000951262545315898,gs_scan_with_h2o_3_vib_excited_0,es_scan_with_h2o_4_vib_excited_0,4.4450922089349526e-10
416,0.0011335159565643872,gs_scan_with_h2o_3_vib_excited_1,es_scan_with_h2o_4_vib_excited_1,4.4450922089349526e-10
417,0.0003589389657714094,gs_scan_with_h2o_3,es_scan_with_h2o_5,4.875294816199303e-20
418,0.0009512625523289992,gs_scan_with_h2o_3_vib_excited_0,es_scan_with_h2o_5_vib_excited_0,4.875294816199303e-20
419,0.0011335159635774885,gs_scan_with_h2o_3_vib_excited_1,es_scan_with_h2o_5_vib_excited_1,4.875294816199303e-20
420,0.000365950710656396,gs_scan_with_h2o_3,es_scan_with_h2o_6,0.00228698438627132
421,0.0009582742972139858,gs_scan_with_h2o_3_vib_excited_0,es_scan_with_h2o_6_vib_excited_0,0.00228698438627132
422,0.001140527708462475,gs_scan_with_h2o_3_vib_excited_1,es_scan_with_h2o_6_vib_excited_1,0.00228698438627132
423,0.0003659507169791773,gs_scan_with_h2o_3,es_scan_with_h2o_7,3.16928673064581e-13
424,0.0009582743035367671,gs_scan_with_h2o_3_vib_excited_0,es_scan_with_h2o_7_vib_excited_0,3.16928673064581e-13
425,0.0011405277147852563,gs_scan_with_h2o_3_vib_excited_1,es_scan_with_h2o_7_vib_excited_1,3.16928673064581e-13
426,0.000729393564659147,gs_scan_with_h2o_3,es_scan_with_h2o_8,8.345269094562567e-13
427,0.0013217171512167366,gs_scan_with_h2o_3_vib_excited_0,es_scan_with_h2o_8_vib_excited_0,8.345269094562567e-13
428,0.001503970562465226,gs_scan_with_h2o_3_vib_excited_1,es_scan_with_h2o_8_vib_excited_1,8.345269094562567e-13
429,0.000729393568643943,gs_scan_with_h2o_3,es_scan_with_h2o_9,0.006668982894071991
430,0.0013217171552015326,gs_scan_with_h2o_3_vib_excited_0,es_scan_with_h2o_9_vib_excited_0,0.006668982894071991
431,0.001503970566450022,gs_scan_with_h2o_3_vib_excited_1,es_scan_with_h2o_9_vib_excited_1,0.006668982894071991
432,0.0007312184255759439,gs_scan_with_h2o_3,es_scan_with_h2o_10,9.276039135028553e-06
433,0.0013235420121335338,gs_scan_with_h2o_3_vib_excited_0,es_scan_with_h2o_10_vib_excited_0,9.276039135028553e-06
434,0.001505795423382023,gs_scan_with_h2o_3_vib_excited_1,es_scan_with_h2o_10_vib_excited_1,9.276039135028553e-06
435,0.0007312184294987924,gs_scan_with_h2o_3,es_scan_with_h2o_11,5.732763970788604e-15
436,0.0013235420160563822,gs_scan_with_h2o_3_vib_excited_0,es_scan_with_h2o_11_vib_excited_0,5.732763970788604e-15
437,0.0015057954273048715,gs_scan_with_h2o_3_vib_excited_1,es_scan_with_h2o_11_vib_excited_1,5.732763970788604e-15
438,0.0010800225798251464,gs_scan_with_h2o_3,es_scan_with_h2o_12,0.013409651453753946
439,0.001672346166382736,gs_scan_with_h2o_3_vib_excited_0,es_scan_with_h2o_12_vib_excited_0,0.013409651453753946
440,0.0018545995776312254,gs_scan_with_h2o_3_vib_excited_1,es_scan_with_h2o_12_vib_excited_1,0.013409651453753946
441,0.001080022581710285,gs_scan_with_h2o_3,es_scan_with_h2o_13,5.306084517284698e-13
442,0.0016723461682678748,gs_scan_with_h2o_3_vib_excited_0,es_scan_with_h2o_13_vib_excited_0,5.306084517284698e-13
443,0.001854599579516364,gs_scan_with_h2o_3_vib_excited_1,es_scan_with_h2o_13_vib_excited_1,5.306084517284698e-13
444,0.0010990081238229615,gs_scan_with_h2o_3,es_scan_with_h2o_14,4.4360137453121776e-05
445,0.0016913317103805512,gs_scan_with_h2o_3_vib_excited_0,es_scan_with_h2o_14_vib_excited_0,4.4360137453121776e-05
446,0.0018735851216290405,gs_scan_with_h2o_3_vib_excited_1,es_scan_with_h2o_14_vib_excited_1,4.4360137453121776e-05
447,0.0010990081263776092,gs_scan_with_h2o_3,es_scan_with_h2o_15,1.3675427245778963e-19
448,0.001691331712935199,gs_scan_with_h2o_3_vib_excited_0,es_scan_with_h2o_15_vib_excited_0,1.3675427245778963e-19
449,0.0018735851241836882,gs_scan_with_h2o_3_vib_excited_1,es_scan_with_h2o_15_vib_excited_1,1.3675427245778963e-19
450,0.0014042434079799715,gs_scan_with_h2o_3,es_scan_with_h2o_16,1.7839013816263407e-11
451,0.001996566994537561,gs_scan_with_h2o_3_vib_excited_0,es_scan_with_h2o_16_vib_excited_0,1.7839013816263407e-11
452,0.0021788204057860503,gs_scan_with_h2o_3_vib_excited_1,es_scan_with_h2o_16_vib_excited_1,1.7839013816263407e-11
453,0.001404243410845984,gs_scan_with_h2o_3,es_scan_with_h2o_17,0.019175198385334397
454,0.0019965669974035738,gs_scan_with_h2o_3_vib_excited_0,es_scan_with_h2o_17_vib_excited_0,0.019175198385334397
455,0.0021788204086520633,gs_scan_with_h2o_3_vib_excited_1,es_scan_with_h2o_17_vib_excited_1,0.019175198385334397
456,0.0014475933095035548,gs_scan_with_h2o_3,es_scan_with_h2o_18,0.0016945597292764697
457,0.0020399168960611447,gs_scan_with_h2o_3_vib_excited_0,es_scan_with_h2o_18_vib_excited_0,0.0016945597292764697
458,0.0022221703073096338,gs_scan_with_h2o_3_vib_excited_1,es_scan_with_h2o_18_vib_excited_1,0.0016945597292764697
459,0.0014475933278848348,gs_scan_with_h2o_3,es_scan_with_h2o_19,1.9321377491942966e-13
460,0.0020399169144424247,gs_scan_with_h2o_3_vib_excited_0,es_scan_with_h2o_19_vib_excited_0,1.9321377491942966e-13
461,0.0022221703256909138,gs_scan_with_h2o_3_vib_excited_1,es_scan_with_h2o_19_vib_excited_1,1.9321377491942966e-13
462,0.0016736982875779924,gs_scan_with_h2o_3,es_scan_with_h2o_20,0.017243128622772396
463,0.002266021874135582,gs_scan_with_h2o_3_vib_excited_0,es_scan_with_h2o_20_vib_excited_0,0.017243128622772396
464,0.002448275285384071,gs_scan_with_h2o_3_vib_excited_1,es_scan_with_h2o_20_vib_excited_1,0.017243128622772396
465,0.001673698295170286,gs_scan_with_h2o_3,es_scan_with_h2o_21,3.253019437755367e-12
466,0.0022660218817278756,gs_scan_with_h2o_3_vib_excited_0,es_scan_with_h2o_21_vib_excited_0,3.253019437755367e-12
467,0.002448275292976365,gs_scan_with_h2o_3_vib_excited_1,es_scan_with_h2o_21_vib_excited_1,3.253019437755367e-12
468,0.0017779652718998057,gs_scan_with_h2o_3,es_scan_with_h2o_22,0.012869684443712281
469,0.0023702888584573954,gs_scan_with_h2o_3_vib_excited_0,es_scan_with_h2o_22_vib_excited_0,0.012869684443712281
470,0.002552542269705885,gs_scan_with_h2o_3_vib_excited_1,es_scan_with_h2o_22_vib_excited_1,0.012869684443712281
471,0.0017779652943415841,gs_scan_with_h2o_3,es_scan_with_h2o_23,9.72030155224556e-13
472,0.002370288880899174,gs_scan_with_h2o_3_vib_excited_0,es_scan_with_h2o_23_vib_excited_0,9.72030155224556e-13
473,0.0025525422921476634,gs_scan_with_h2o_3_vib_excited_1,es_scan_with_h2o_23_vib_excited_1,9.72030155224556e-13
474,0.001956244351428986,gs_scan_with_h2o_3,es_scan_with_h2o_24,0.02272636290235139
475,0.002548567937986576,gs_scan_with_h2o_3_vib_excited_0,es_scan_with_h2o_24_vib_excited_0,0.02272636290235139
476,0.002730821349235065,gs_scan_with_h2o_3_vib_excited_1,es_scan_with_h2o_24_vib_excited_1,0.02272636290235139
477,0.001956244355912692,gs_scan_with_h2o_3,es_scan_with_h2o_25,1.0500743388205426e-11
478,0.002548567942470282,gs_scan_with_h2o_3_vib_excited_0,es_scan_with_h2o_25_vib_excited_0,1.0500743388205426e-11
479,0.002730821353718771,gs_scan_with_h2o_3_vib_excited_1,es_scan_with_h2o_25_vib_excited_1,1.0500743388205426e-11
480,0.002124348885708757,gs_scan_with_h2o_3,es_scan_with_h2o_26,0.025487688240875543
481,0.002716672472266347,gs_scan_with_h2o_3_vib_excited_0,es_scan_with_h2o_26_vib_excited_0,0.025487688240875543
482,0.002898925883514836,gs_scan_with_h2o_3_vib_excited_1,es_scan_with_h2o_26_vib_excited_1,0.025487688240875543
483,0.0021243489065428866,gs_scan_with_h2o_3,es_scan_with_h2o_27,4.889944557586451e-12
484,0.0027166724931004765,gs_scan_with_h2o_3_vib_excited_0,es_scan_with_h2o_27_vib_excited_0,4.889944557586451e-12
485,0.0028989259043489656,gs_scan_with_h2o_3_vib_excited_1,es_scan_with_h2o_27_vib_excited_1,4.889944557586451e-12
486,0.0023084483321523055,gs_scan_with_h2o_3,es_scan_with_h2o_28,0.03190692983461822
487,0.0029007719187098954,gs_scan_with_h2o_3_vib_excited_0,es_scan_with_h2o_28_vib_excited_0,0.03190692983461822
488,0.0030830253299583845,gs_scan_with_h2o_3_vib_excited_1,es_scan_with_h2o_28_vib_excited_1,0.03190692983461822
489,0.002308448335232315,gs_scan_with_h2o_3,es_scan_with_h2o_29,1.0628208752089558e-12
490,0.0029007719217899047,gs_scan_with_h2o_3_vib_excited_0,es_scan_with_h2o_29_vib_excited_0,1.0628208752089558e-12
491,0.003083025333038394,gs_scan_with_h2o_3_vib_excited_1,es_scan_with_h2o_29_vib_excited_1,1.0628208752089558e-12
492,0.0024996785232663256,gs_scan_with_h2o_3,es_scan_with_h2o_30,0.03682159109553326
493,0.0030920021098239155,gs_scan_with_h2o_3_vib_excited_0,es_scan_with_h2o_30_vib_excited_0,0.03682159109553326
494,0.0032742555210724046,gs_scan_with_h2o_3_vib_excited_1,es_scan_with_h2o_30_vib_excited_1,0.03682159109553326
495,0.0024996785342326854,gs_scan_with_h2o_3,es_scan_with_h2o_31,9.106294815996224e-13
496,0.0030920021207902753,gs_scan_with_h2o_3_vib_excited_0,es_scan_with_h2o_31_vib_excited_0,9.106294815996224e-13
497,0.0032742555320387644,gs_scan_with_h2o_3_vib_excited_1,es_scan_with_h2o_31_vib_excited_1,9.106294815996224e-13
498,0.0026972846169355047,gs_scan_with_h2o_3,es_scan_with_h2o_32,0.041966664630212175
499,0.0032896082034930946,gs_scan_with_h2o_3_vib_excited_0,es_scan_with_h2o_32_vib_excited_0,0.041966664630212175
500,0.0034718616147415837,gs_scan_with_h2o_3_vib_excited_1,es_scan_with_h2o_32_vib_excited_1,0.041966664630212175
501,0.0026972846277667512,gs_scan_with_h2o_3,es_scan_with_h2o_33,2.848688518081174e-12
502,0.003289608214324341,gs_scan_with_h2o_3_vib_excited_0,es_scan_with_h2o_33_vib_excited_0,2.848688518081174e-12
503,0.00347186162557283,gs_scan_with_h2o_3_vib_excited_1,es_scan_with_h2o_33_vib_excited_1,2.848688518081174e-12
504,0.0029007919507373814,gs_scan_with_h2o_3,es_scan_with_h2o_34,0.04660319285411443
505,0.0034931155372949713,gs_scan_with_h2o_3_vib_excited_0,es_scan_with_h2o_34_vib_excited_0,0.04660319285411443
506,0.0036753689485434604,gs_scan_with_h2o_3_vib_excited_1,es_scan_with_h2o_34_vib_excited_1,0.04660319285411443
507,0.0029007919563847568,gs_scan_with_h2o_3,es_scan_with_h2o_35,9.590594801104007e-14
508,0.0034931155429423467,gs_scan_with_h2o_3_vib_excited_0,es_scan_with_h2o_35_vib_excited_0,9.590594801104007e-14
509,0.0036753689541908358,gs_scan_with_h2o_3_vib_excited_1,es_scan_with_h2o_35_vib_excited_1,9.590594801104007e-14
510,0.0031093444770680825,gs_scan_with_h2o_3,es_scan_with_h2o_36,0.05042945778042506
511,0.0037016680636256724,gs_scan_with_h2o_3_vib_excited_0,es_scan_with_h2o_36_vib_excited_0,0.05042945778042506
512,0.0038839214748741615,gs_scan_with_h2o_3_vib_excited_1,es_scan_with_h2o_36_vib_excited_1,0.05042945778042506
513,0.0031093444938139147,gs_scan_with_h2o_3,es_scan_with_h2o_37,6.1289142415435694e-12
514,0.0037016680803715046,gs_scan_with_h2o_3_vib_excited_0,es_scan_with_h2o_37_vib_excited_0,6.1289142415435694e-12
515,0.0038839214916199937,gs_scan_with_h2o_3_vib_excited_1,es_scan_with_h2o_37_vib_excited_1,6.1289142415435694e-12
516,0.0033223696231945367,gs_scan_with_h2o_3,es_scan_with_h2o_38,0.05337629687361602
517,0.003914693209752127,gs_scan_with_h2o_3_vib_excited_0,es_scan_with_h2o_38_vib_excited_0,0.05337629687361602
518,0.004096946621000616,gs_scan_with_h2o_3_vib_excited_1,es_scan_with_h2o_38_vib_excited_1,0.05337629687361602
519,0.00332236962398173,gs_scan_with_h2o_3,es_scan_with_h2o_39,1.265036955490339e-10
520,0.00391469321053932,gs_scan_with_h2o_3_vib_excited_0,es_scan_with_h2o_39_vib_excited_0,1.265036955490339e-10
521,0.004096946621787809,gs_scan_with_h2o_3_vib_excited_1,es_scan_with_h2o_39_vib_excited_1,1.265036955490339e-10
522,0.0035395915988759327,gs_scan_with_h2o_3,es_scan_with_h2o_40,0.0551449504977342
523,0.004131915185433523,gs_scan_with_h2o_3_vib_excited_0,es_scan_with_h2o_40_vib_excited_0,0.0551449504977342
524,0.004314168596682011,gs_scan_with_h2o_3_vib_excited_1,es_scan_with_h2o_40_vib_excited_1,0.0551449504977342
525,0.003539591617189819,gs_scan_with_h2o_3,es_scan_with_h2o_41,9.968938117244791e-12
526,0.004131915203747409,gs_scan_with_h2o_3_vib_excited_0,es_scan_with_h2o_41_vib_excited_0,9.968938117244791e-12
527,0.004314168614995898,gs_scan_with_h2o_3_vib_excited_1,es_scan_with_h2o_41_vib_excited_1,9.968938117244791e-12
528,0.0037604995000424762,gs_scan_with_h2o_3,es_scan_with_h2o_42,0.05574152040802051
529,0.004352823086600066,gs_scan_with_h2o_3_vib_excited_0,es_scan_with_h2o_42_vib_excited_0,0.05574152040802051
530,0.003760499503824405,gs_scan_with_h2o_3,es_scan_with_h2o_43,1.0527174490723288e-10
531,0.004352823090381995,gs_scan_with_h2o_3_vib_excited_0,es_scan_with_h2o_43_vib_excited_0,1.0527174490723288e-10
532,0.003984952603391297,gs_scan_with_h2o_3,es_scan_with_h2o_44,0.055140372924654804
533,0.003984952607414494,gs_scan_with_h2o_3,es_scan_with_h2o_45,1.953543226216753e-11
534,0.0042125559302569155,gs_scan_with_h2o_3,es_scan_with_h2o_46,0.053412069114120705
535,0.004212555935360716,gs_scan_with_h2o_3,es_scan_with_h2o_47,2.0203601360146235e-11
